{
  "hash": "00644695",
  "configHash": "45b669e1",
  "lockfileHash": "25647ba9",
  "browserHash": "e5981daf",
  "optimized": {
    "@angular/core": {
      "src": "../../../../../node_modules/@angular/core/fesm2022/core.mjs",
      "file": "@angular_core.js",
      "fileHash": "df8d28f2",
      "needsInterop": false
    },
    "@angular/platform-browser": {
      "src": "../../../../../node_modules/@angular/platform-browser/fesm2022/platform-browser.mjs",
      "file": "@angular_platform-browser.js",
      "fileHash": "b8b8da01",
      "needsInterop": false
    },
    "@angular/router": {
      "src": "../../../../../node_modules/@angular/router/fesm2022/router.mjs",
      "file": "@angular_router.js",
      "fileHash": "87f023d2",
      "needsInterop": false
    },
    "@angular/common": {
      "src": "../../../../../node_modules/@angular/common/fesm2022/common.mjs",
      "file": "@angular_common.js",
      "fileHash": "15e61d52",
      "needsInterop": false
    },
    "@angular/platform-browser/animations": {
      "src": "../../../../../node_modules/@angular/platform-browser/fesm2022/animations.mjs",
      "file": "@angular_platform-browser_animations.js",
      "fileHash": "5b17c677",
      "needsInterop": false
    },
    "@angular/forms": {
      "src": "../../../../../node_modules/@angular/forms/fesm2022/forms.mjs",
      "file": "@angular_forms.js",
      "fileHash": "4a63ed54",
      "needsInterop": false
    },
    "@angular/material/snack-bar": {
      "src": "../../../../../node_modules/@angular/material/fesm2022/snack-bar.mjs",
      "file": "@angular_material_snack-bar.js",
      "fileHash": "9014cf2a",
      "needsInterop": false
    },
    "@angular/material/icon": {
      "src": "../../../../../node_modules/@angular/material/fesm2022/icon.mjs",
      "file": "@angular_material_icon.js",
      "fileHash": "f6094a54",
      "needsInterop": false
    }
  },
  "chunks": {
    "chunk-EEIKP7F5": {
      "file": "chunk-EEIKP7F5.js"
    },
    "chunk-CZBHH7GH": {
      "file": "chunk-CZBHH7GH.js"
    },
    "chunk-NDNS4VB5": {
      "file": "chunk-NDNS4VB5.js"
    },
    "chunk-7QFQFVTE": {
      "file": "chunk-7QFQFVTE.js"
    },
    "chunk-2RDZH5N6": {
      "file": "chunk-2RDZH5N6.js"
    }
  }
}